ID,School,ADDRESS,Mobile
3,"Stanford International Girls School, Ujjain","gram mindia ,Indore road, Ujjain,456001",919425984873
5,"Akshat International School, Ujjain","Akshat International School, Lalpur, Ujjain Dewas Rd, Nagziri, Ujjain, Madhya Pradesh 456664",911234567890
52,The Honey Bees Public School,"Old RTO Building, Bacha Layout,Airforce Station Road,Bidar 585401.",919900085309
59,"Kalidas Montessori Nanakheda Branch, Ujjain","Kalidas Montessori Senior Sec. School, Rishi Nagar Ext. Near Brahmakumari Ashram, Ujjain 456010, Phone - 94071 30341, 98930 95848",918839950066
75,KALIDAS MONTESSORI SENIOR SECONDARY SCHOOL,"Address–17,MILKIPURA, Bada teliwada,UJJAIN-456010, 89826 13275, 90395 13294",918839950066
81,QMS Boys,Queen marys sr sec school ramnagar pushkar Road ajmer 305004,919950775013
282,Om Shanti English Medium SChool,"Opp. Sardar Baug, Shanala Road, Punit Nagar, Morbi, Gujarat 363641, India",919429800001
283,THE GRAMODAYA INTERNATIONAL COLLEGE,"727, Alyai, Mauranipur Jhansi 284204 U P",9.19935002098934E+021
284,Kids Arena,"The Tree House, 6A/D, Pushtikar CHS, Patel estate road, Opp Harbour line station, Jogeshwari west, Mumbai 400102, Ph 9821052249",919819903080
287,Kids Gurukul,"Plot No. 111 Parshpuram Apartment, Jay Nagar, Near Omkareshwar Temple, Jalgaon 425001, Minal Mam- 8208057602, Kruti Mam - 9823495225",918208057602 Meenal Jain
291,"Sai International School, Solan, Himachal Pradesh","Kotla Nala Rd, Near degree college, Kotla Nala, Solan, Himachal Pradesh 173212",919418451877
314,Ken International,"Ken International Girls School Chak Jayrampur behind Sanchi Dugdh Sangh Maxi Road Ujjain, Pin code 456010, Mob.no. 7974761294",919165116600
393,"Genius Global School, Solan , Himachal Pradesh","Genius Global School, 194, Anand Vihar,Saproon, Solan (H.P.) , Pincode - 173211, Phone - 9816277154, 7778800054",919816277154
394,RN FOUNDATION LITTLE HEART SCHOOL JAMSHEDPUR,"Kedo, Narwaphar, Near Sundernagar, Jamshedpur, Jharkhand 832111",9.18292437889879E+021
395,Maharana Pratap Public School Noida,"Vandana Enclave, Khora, Ghaziabad 201001 (U.P), India
+91-9818690071",919911181151
396,ST JOSEPHS ACADEMY-SR JUDE,"ST. JUDE'S ACADEMY, SONIPAT
CHURCH ROAD, NARENDER NAGAR, SONIPAT, HARYANA - 131001",9.12220507822165E+017
400,"K K Blossoms High School, Solan, Himachal Pradesh","Rabon Solan, NH-22, Near Housing Board p.o Saproon near Bhagat bank rabon branch, Himachal Pradesh 173211",917807577770
401,Himalaya Inter college-Prakash karki,"NH309A, Chaukori,Uttarakhand 262531",919412928493
404,QMS Nasirabad,"Nandla, Nasirabad, Dist Ajmer, Rajasthan, Ajmer, Rajasthan 305601",917727886671
405,QMS Girls,"Queen Mary's Girls School, B K Kaul Nagar, Pushkar Road, Ajmer 305001",919461276730
421,SSK Public School-Kunal Katkade,"Bramhanwade, Jaigaon Road, Wadzire, Jaygaon, Sinnar, Nashik, 422102",919657720406
422,"DG Agrawal Memorial, Pimpalner","Smt. D.G.Agrawal Memorial English Medium School,Indira Nagar,Pimplner. P. O.Tal. Sakri,Dist. Dhule ,Maharashta ,Pin - 424306",919405580456
425,"BRDM Public School, Haryana:Varun jain","Shora Kothi, Jind Rd, Kaithal, Haryana 136027, India",919416384694
430,"Twinkle Star School, Gandhidham, Kutch, Gujarat","Ward 2B, Adipur, Gandhidham, Gujarat 370205",919428567364
432,Rainbow India School-P S Bhati,"Plot no 13, dharmadeep park,bhuj kutch Gujarat,370001",918866222236
502,Shivam Public School,"Shivam Public School, Shivam nagar Dhakar mod khurja, Pin :- 203131",9.18477000372741E+021
503,Shivam Global School,"Shivam Global School, Khurja Junction, Bulandshahr (UP), Pin code- 203131.",918477000372
505,"St. Maryam Public School, Jhasi (Senior)",103/A NEAR TELEPHONE EXCHANGE VEERANGNA NAGAR JDA COLONY MEDICAL ROAD JHANSI (Pin - 284128),919235631471
511,My planet PreSchool-ANOOP KASHYAP,"35, Kavi Kalidas Marg, GANESH PURA, Ujjain, Madhya Pradesh 456001",919893108550
521,virgin mary school ujjain,"Virgin Mary H S School, 157, Mangal Colony , Udyan Marg , Sethi Nagar Ujjain, Pincode - 456001, Contact: 7000187472",919425915435
525,Gateway International High School,"Postal address:- M.RAJASHEKHAR REDDY, Gateway International High school, Budwel,Rajendranagar, Hyderabad-30,Pin code - 500030, Ph no:8886085556/9133443300",919133443300
702,Oil valley Girls and Boys School,"Oil Valley Girls' & Boys' School, (CBSE) Banipur, Hatimurah, P.O. DIBRUGARH, Assam 786003.",919435036608
1666,Rungta International School-Mrs.Nandini Dasgupta,"RIS Building, behind Nandan Van, Veer Savarkar Nagar, Raipur, Chhattisgarh 492099","910771 6888888,"
2488,Prabhu Dayal Vidyalaya Kurukshetra,"H No. 1635, Sector - 13, Urban Estate, Kurukshetra HARYANA, Pin Code - 136118",919811228474
3264,OM SHANTI ENGLISH MEDIUM SCHOOL(GSEB)(oseme),"Rajkot - Morbi Highway, B/h Solar Clock, Shanala, Morbi-363641, Gujara",919429800001
3897,Elite International School,"Elite International School, Near Civil Hospital Kandaghat,Pin code 173215 ,Contact 9780858487",919780858487
4707,GALAXY PUBLIC SCHOOL,"Railway Road, NAGROTA SURIAN, Kangra, Himachal Pradesh 176027 Contact-9816061009",919816061009
7576,SKY HIGH PUBLIC SCHOOL-Mr.DHARMENDRA SINGH BHADORIYA,"Dabra Bhitarwar Road Kariyawati, Dabra Gwalior M.P 475110",919425058039
7632,Billabong High International School,"BILLABONG HIGH INTERNATIONAL SCHOOL , MIST Campus, Limbodagari , Behind Aurobindo Hospital, Sanwer Road, Indore-453111, Phone - 9977073338",919424083770
7647,ILVA HIGHER SECONDARY SCHOOL-PROF H K JAIN,"31, Sapna Sangeeta Road, Behind Lotus, Sneh Nager, Navlakha, Indore, Madhya Pradesh 452001 Phone: 0731 246 0990","910731-460990,364709"
7675,NATIONAL PUBLIC SCHOOL-Mrs. VIJAY LAKSHMI KHATWANI,"Airport Rd, Opposite Bijasan Temple, HIlink City, Indore, Madhya Pradesh 452005",919977995005
8122,Aaradhya International School,"Munja Khedi, Narwar, Dewas-Ujjain Road, Ujjain (M.P.)-456664",9107342701122
8135,JOLLY MEMORIAL MISSION SCHOOL,"Jolly Memorial Mission School, Ora park colony, Near Sethi Nagar, Ujjain. Pin- 456010, Mob:- 7415415449",919425431368
8136,KADAMBINI CHILDRENS ACADEMY,"Kadambini Children's Academy, A-55, Indira Nagar, Agar Road,Ujjain, pincode: 456010, 0734-2580423. 9893087678",917974255142
8139,Lokmanya Tilak Higher Secondary School,"Lokmanya Tilak higher secondary school CBSE behind railway station neelganga ujjain, Pincode 456001",910002561712
8337,Shinde International School,"Opp.Vijaya Bank, Bhadgaon Road, Pachora, Maharashtra 424201","91(02597) 222406,"
8501,DG Agrawal Nava Pur School,"Smt. D.G. Agrawal English Medium School Navapur, Mahalakshmi park NH6 Navapur Tal Navapur Dist. Nandurbar,Pincode 425418",9102569243258
9072,Venkateswar English Medium School,"Venkateswar English Medium School
35, Chandrasekharpur
Near Infocity Road and CTTC
Bhubaneswar, Odisha-751024",919861172693
10247,Mangal Newton School,"Mangal Newton School , Hasti Complex 5th milestone Ajmer road, Beawar, Distt:- Ajmer , State :- Rajasthan ,Pin code :- 305901, Mobile no:- 9314284515, 8302406368",919314284515
10366,EVERGREEN PUBLIC SCHOOL-MS SANGEETA BABEL,"Neelkanth Mahadev Colony, Shastri Nagar, Bhilwara, Rajasthan 311001",919829045569
10450,impulse english school,"NH-11, Agra Side Bypass Tiraha, Agra Road, Dausa Rajasthan, 303303",9109414271682
10593,Dunes Academy - Jodhpur,"Indraprastha Nagar, Tehsil Aau, District Phalodi, City Jodhpur, Rajasthan, INDIA – 342301",917230017926
10670,Cambridge Public School,"Cambridge Shiksha Samiti Simani
Sivani (
Peeo Kalakhari
Buhana
Jhunjhunu
Rajasthan. pincode: 333502",919414128050
10982,Shree SudhaSagar Digamber Jain Vidya Vihar Senior Secondary School-Anand Soni,"Shri SudhaSagar Digamber Jain Vidhya Vihar senior secondary school,Sapanda Road,Kekri - 305404","919214557857,9214551160-ajay sir"
11256,SNS ACADEMY COIMBATORE,"538, THUDIYALUR-SARAVANAMPATTI ROAD, VELLAKINAR, COIMBATORE-641029,",919585559500
12657,THE KHAITAN SCHOOL-MRS DAVINDER KAUR,"Block F, 1A/A, F Block, Sector 40, Noida, Uttar Pradesh 201303","910120-4007575,4007555,24577093"
12747,J.R. Global International Junior High School - Mr.Kuljeet,"JR Global International School, Address Sablu Garhi, Near Kharkhari RLY.STN, DELHI- NCR, Loni, Ghaziabad, Uttar Pradesh-201102",919310049696
13342,"Green Willow Public School, Mathura -UP","Green Willow Public School , NH-19, Navada, Mathura (U.P.) India – 281006, +91-8191000449, =+91-8191000443",918191000443
13646,SHIKHAR SHIKSHA SADAN HIGHER SECONDARY SCHOOL,"Miranpur, Muzaffarnagar, NH-119, Meerut Pauri National Highway, Muzaffarnagar, Muzaffarnagar, Uttar Pradesh 251315 Contact - 8700150392","910131-3206002,"
13659,Suryadev International School,Shiv Kumar C/O Surya Dev International School 69 Gher Khatti New Mandi Muzaffarnagar 251001 UP,918958107523
14338,BR New Modern School:Gopal sir,"Agency chowk, Pauri Garhwal, Uttaranchal, India 246001",919410912527
64492,Sanskaar Public School,DIWADIYA BLOCK- ICHHAWAR SEHORE (MP)-466115,919617539348
64808,"GURUKUL- The Real English Medium School (BADWANI) NEWALI ROAD, SENDHWA","Niwali Rd, Sendhwa, Barwani, Madhya Pradesh 451666",919340632403
64874,Golden Dale School Begusarai,"Golden dale school, At- Ballia Block campus , Near Pashu hospital , District- Begusarai, Pin - 851211",919006266194
64941,"Sant Sunder Singh Sen. Sec. School, Ludhiana","boparai link road, Dhatt, Punjab 141422",919988898970
64995,MGM School -Bokaro,"Sector 4-F, near Central Bank of India, Sector 4-F, Sector 4, Bokaro Steel City, Jharkhand 827004",919470591856
65078,St Philomena English School,"Subbana Layout, Doddabommasandra, Vidyaranyapura, Bangalore - 560097 (Near Bel Quartz)",917893345588
65093,"sardar patel international school,indore",SHANTI VIHAR COLONY INDORE KANADIA ROAD MADHYA PRADESH 452016,918962203331
65115,"Uma Devi Acadmey, Mohammadi","Uma Devi Children's Academy, Gulauly Road, Mohammadi Kheri Pin :- 262804",919336693504
65151,Vasavi public school Gurmitkal Karnataka,"behind Bus Stand Gurumitkal, Karnataka 585214",919741966661
65152,Lotus Valley School,"Expressway, Sector 126, Noida, UP 201313",917991156746
65155,"B.P.children Public School CBSE school ,indore,CHOTA BANGDADA, INDORE RURAL","Jamburdi Hapsi Rd, Nainod Village, Bada Bangarda, Indore, Madhya Pradesh 453112",919039055528
65184,"Sandhya Senior Secondary Public School, Delhi","C-182/12 Brahampuri Main Road, Opposite Gali no:-1, Delhi, India, 110053",919811598199
65192,Carmel High School Thane:Lawrence RA,"Tikuji Ni Wadi Rd, C, Manpada, Thane West, Thane, Maharashtra 400610",919967342280
65193,Chhatrapati Raje Sambhaji School:Ganesh Ghotne,"H-3 Block, Deonar Municipal Colony, Deonar, Govandi East, Mumbai, Maharashtra 400043",918087151597
65196,Mom’s Pride Education Society,"Mini bypass road, Near Delhi Pul, Sirsa - 125055",919991100101
65203,Dr Rajeev Modern Public School: Rajeev Varma,"Dr Rajeev Modern Public School, SDM Colony Near Block Gate and Pitamberpur Station Faridpur, Pin code 243503",918171232133
65206,Young master Mind,"Nizamsagar Road, Vidya Nagar Colony, Kamareddy - 503111",917337069010
65212,Red Apple School: Nadiad Gujrat,"AT TUNDEL, PIJ ROAD, N.H.NO.8, Nadiad, Gujarat 387355",919998882220
65213,Imran khan:GAFOOR EDUCATION CENTRE,"GAFOOR EDUCATION CENTRE, Amauli, Fatehpur U.P. 212631,",917897720878
65216,Dev academy -,"Kushwaha Market, near Bus Depot, Hasari, Jhansi, Uttar Pradesh 284135",918127638108
65223,Milan Sir:Spectrum,,919825066349
65242,Grace mission International School,"Ujjain - Maksi Rd, Madhya Pradesh 456661",917723906104
65243,Ivy International Preschool,"Hoshangabad Rd, Near Pebble Bay, Shri Rameshwaram, Katara, Bhopal, Madhya Pradesh 462043",918830342170
65246,Vivekanand Public School,"UJJWALA BHOYAR, ADDRESS :- AAKARSH CAREER INSTITUTE PVT LTD, 2ND FLOOR,57, PRADIP, BUILDING,MOUNT ROAD, SADAR NAGPUR, MAHARASHTRA 440001., Mob. 7020125296",916394722593
65247,"Neuron Labs, Pune","Neuron Labs School, Survey no 19, Behind Vitthal Mandir, Before 10 Vrindavan Society, Dhanori, Pune - 411015, Contact no. 09545008800",919881190380
65250,Tapovan International School,"Ahmedabad-Mehsana Express Highway Dholasan, Road, Linch, Gujarat 384435",919974301792
65254,Shree Santoshi Global School,"26, Shyam residency, Nr. SSGS Preschool, SSGS Preschool Rd, Bavla, Gujarat 382220",918264006699
65258,The Royal International school,"Near Regal Guest House, Santipur, Mecheda, Purba Medinipur, West Bengal, Pin - 721137",919434230360
65266,"GdGoenka Lapetite Lohia Nagar, Ghaziabad","Gd Goenka La Petite, C-3, Lohia Nagar, Gzb,Pin code - 201001,Phone - 9953998904, 7838360542",9.19999577660995E+021
65267,"Horizons-The School, Ghaziabad","Villa 35, GH-7 Society, Crossings Republik, Ghaziabad, Uttar Pradesh 201016",919999577660
65273,Bharti Vidya Bhawan (BVB) Banswara : Piyush Nagawat,"Bharti Vidhya Bhawan sr sec school, Ratitalai link road,Banswara rajasthan 327001","919324047831, 9004978778"
65289,STAR PLANET SCHOOL,"19, Kamio Rd, Indus Towne, Ratanpur Sadak, Bhopal, Madhya Pradesh 462026",918109703087
65293,A G Mission School,"Chandpur, District Nayagarh, Odisha- 752024. India
Contact 918696993399",918696993399
65305,MRS Shri Krishna Pranami School:Anil Dadhich,CITY- CHIRAWA DIST.- JHUNJHUNU (RAJ) PIN NO. -333026,919828521269
65312,Annpurna Bal Vinay Mandir High School: Sagar pandya,"393, Kulkarni Ka Bhatta, Kalyanmill Naka, Pardesipura, Indore - 452003, Near MP Government School",919826666484
65330,Mothers Love School:prateek nagpal sir,"4/67 , Bengali Colony , Near Kali Badi Road , Mahavir Enclave. Delhi - 110045",919999485148
65336,Gems Academic School,Closed ops in INdia,919826337706
65350,Bharat International School,"Near Bharat City, Tila More, Loni Road Ghaziabad, Uttar Pradesh 201102, India",918826496464 Shivangi
65351,Gurukul Academy Dholpur:Saurabh Agrawal Sir,"Pushp vatika, hundawal road, Dhaulpur, India, Rajasthan 328001",919950116688
65354,"Gemford World School - Malappuram,Karela","Illathkunnu road, Thiruvaly, Manjeri, Kerala 676123",91+97433806208
65358,Aatmdeep Vidyalaya,"Aatmdeep vidyalaya, Siktaur , Near Deoria bypass , Gorakhpur, Pin code - 273010, Contact no . 8853210002 , 9935703444",919935702444
65360,"Royal Public School, Ajmer","Shri Balaji Royal Public school Foy Sagar road chamunda chowraha Ajmer,305005",919057249073
65365,Central Academy Ajmer,"Sudhakar kumar, CENTRAL ACADEMY, PRAGATI NAGAR KOTRA, AJMER RAJASTHAN, 305004",919214585832
65376,Musab High School:Abdul Rahman:MHS,"Sai Nagar Rd, Sai Nagar, Hafeezpet, Hyderabad, Telangana 500049
 Contact 09963652341",919963652341
65387,Academic Global School,"Near, Buxar-Sikraul Road, 11 No. LKH, Buxar, Bihar 802103",917564030001
65394,Garnet Education Private Limited,,919818682838
65400,Ayush Public School,"Ayush Public School, Near PWD colony, Town: Jakhalabandha District: Nagaon, State: Assam. Post office: Jakhalabandha, Pin code: 782136.",919864991736
65406,Palm International School,Palm International School Bariatu Ranchi - 834009 Jharkhand,918603418837
65411,Shivam College of Education,"STC Campus, Junction Road,Khurja, Distt- Bulandshahr, UP -Pincode - 203131",918477000372
65433,kids fountain play school- sanjay,"Purvanchal Royal City, Plot No. GH-05 Sector CHI-V, Greater Noida 201310",919313906748
65438,imam international school,IIS Campus (Sugia bazar ) Sugia Kesarri Sheohar 843329,917257938755
65439,Aadharshila Inventive Global School,"AADHARSHILA INVENTIVE ENGLISH SCHOOL, BHATON KA BASS MURLIDHAR VYAS NAGAR ROAD BIKANER, LAND MARK :- VIVEK BAL NIKETAN SCHOOL, MOB: 8005718087, Pincode - 334001",919509252764
65447,"Millennium Dream International School, Umashankar Chaturvedi","45, Beohari, Madhya Pradesh 484774",919713864474
65452,JUNIOR CAMBRIDGE SCHOOL,"Junior Cambridge School, Vidya Bhavan Main Road Niche Bazar Simdega Jharkhand - 835223 Phone: 8210284534",919835125921
65521,IK Model School,"IK Model School, Kaushis Vihar, Bypass Rd, Raxaul, Bihar 845305, +91 91222 88811, +91 93823 43321",919122288811
65653,"Lotus Valley School, Ajmer - Mr.Ajay Singh Rajput","M.S Rawat Colony, Chamunda Chauraha, Foy Sagar Rd, Ajmer, Rajasthan 305005",917014564495
65679,"Oxford School, Haryana - N K sharma","Daulatpur Road, Uklana Mandi, Hisar, Haryana, India (125113)",910129-4340785
65690,"The Crescent School, Kaptanganj","Dr Mohd Hasib , Main Branch, The Crescent School, Chilwan, Tahsil KAPTANGANJ, Kushinagar U.P. 274301",919935000766
65748,Twinkling Star School,"Twinkling Star School 
Shahu nagar,
Samrat Chowk,
Beed 431122",919822415009
65763,SARVODAYA GROUP OF INSTITUTIONS,"Vill-Ghumchi,Post-Dindai,Distt-Siddharthnagar, UP, Pin-272151, Contact - 9919455903",919919455903
65811,Shyama devi public school,"Shyama devi public school, Village Babhnauli post Barawa Bazar District Kushinagar UP 274305",919839528259
65817,The New Heights Academy,"3""N, Gali Number 6, Uttar Pradesh 132001",917899099666
65859,"Bafna Charitable Trust, Aurangabad","THE EVOLVERS NEST PRESCHOOL, A/7/A, MIDC CHIKALTHANA AURANGABAD - 431001, Mob. 77200 25133",919372666999
65893,Rajwanshi Sr. Sec. School/Suresh Kumar,"Narnaul Ho, Narnaul - 123001 (Vpo Dohcana, Dist M/Garh, Haryana",919416904250
65914,RAJA Sahib Public Sr. Sec. School Jhingran/Principal Tarjiwan Singh Garcha,"Raja Sahib Sen. Sec, School VPO Jhingran Distt SBS Nagar, Punjab, Pin coce :- 144507",918146540969
65964,"T R Public School, Uttar Pradesh - Ajay Dubey","Amee Alapur, Pura, Faizabad, Ayodhya Uttar Pradesh PIN Code: 224172",919919092966
66009,Anantha Sai Vidya Nikethan-Srikanth,"Sukh Vihar, Bagh Amberpet, Amberpet, Hyderabad, Telangana 500013",919177773945
66013,Adarsh Bal Vidyalaya Sr. Sec. School-Sumit Dutta,"Adarsh Bal Vidyalaya Sr. Sec School, Banga Rd, Guru Ravidas Nagar, Nawanshahr, Punjab 144514",919988888891
66015,Natkhat Kid's School Gayatri Nagar,"Natkhat kids school, Gayatri Nagar Sudna Daltonganj palamu jharkhand, Pin code 822102, 7979858264",919386876523
66061,Jupiter Pre School,"Jupiter International School C3, Yashwar nagar, kachnar city, Vijay Nagar, Jabalpur MP 482002",919424900306
66102,St. Michael school Main-Rajat Behl,"Jajpur, Saparom, Itki Road
Ranchi – 835303

Phone: 06516454439",919905132408
66103,ST. MICHAEL PLAY SCHOOL,"St. Michael's Play School, Near Sunday Market, Ratu,Ranchi, Jharkhand, Pin code - 835222, mob. 7319768322,7520332272",919905132408
66104,MODERN INTERNATIONAL SCHOOL/Chandrashakher Patel,"Modern international school khulri, Village+post- khulri, Teh. - gadarwara, Distt.- narsinghpur 487441",918819809798
66134,P.P Savani School-Abhay Shah,"Mota Varachcha-Abrahma Road, Surat - Kamrej Hwy, Surat, Gujarat 394105",919601576420
66143,Kidzberry Public School(3rd branch)-Gokul Khatri,"9, K-Sector, Ayodhya Nagar, Bhopal, Madhya Pradesh 462041",919200004848
66151,Saraswati Vidyawardhani Shikshan Sansthan C/o. Tree House High School,"Saraswati Vidyavardhini Shikshan Sanstha , Near Khadakpada Police Station, Near Godrej Hills, Kalyan (W) -421301",919766196944
66154,Promise Land Public Inter College-Anugrah Stanley,"Promise Land Public Inter College ,P.O. Rupaidiha Distt. Bahraich UP-271881,Contact No: 7754081675",919451977870
66172,Vidya vihar vidyalaya,"E-7, Panchsheel Garden, Naveen Shahadra, Delhi
110032",919971044441
66181,Shri Pragya Public School Bijai Nagar,"Shri Pragya Public School, Pragya Road, Bijainagar, Dist. Beawar, Pin code 305624",919079703698
66203,Shree Swaminarayan High School-Ankit Choksi,"Swaminarayan Mandir Compound, Daxini Railway Crossing, Maninagar, Ahmedabad - 380008",919428017305
66225,Greenland school,"Murdhava, Sonbhadra, NH-75, Robertsganj Shakti Nagar Road, Renukoot, Renukoot, Uttar Pradesh 231217",919838387070
66258,SEMS MODEL SCHOOL,"SEMS MODEL SCHOOL Address:- Near Baram BABA Mandir, Karvi Road, Manikpur, Chitrakoot (UP) Pin code:- 210208 ,Mobile:-8448449915, 9984907313, 9125789847",919125789847
66289,Lotus international school,"Lotus international public school jawaharnagar, Vivekanand colony petrol pump thana tah + dist - Bhandara, Maharastra 441906 , MOHADI BRANCH ADDRESS -Dongargaon siddhi mandir jawal andhalgaon road tah -mohadi dist - Bhandara 441906",918055551345
66301,Saraswati Vidya Mandir School,"Hansi Road, Jind HO, Jind - 126102 (Near Industrial Area)",919416168131
66327,Bahjoi Heritage public school-Sumit Kumar Varshney,"Bahjoi Heritage Public School,Islamnagar Churaha (pincode: 244410),Ray Pur Kalan.Behjoi, Sambhal (Bhim Nagar), Uttar Pradesh",919259999919
66331,Gurukul Academy-Ravindra Pandey,"Indra Nagar, Garautha, Uttar Pradesh 284203",918576862755
66334,Modern Academy School,"Modern Academy School, Ashok Nagar, Gaya, Pin - 823001, Bihar, Cont :- 9199313153",919199313153
66336,Shivalik Educational Academy-Kaushal Sharma,"Deeg, Asaoti - Jataula Rd, near Railway Fatak, Asaoti, Haryana 121102",918901461281
66351,Dhar Cambridge Academy-Vipin Kumar,"Mandu Rd, in front of D R P LINE, D R P LINE, Dhar, Khankapuri, Madhya Pradesh 454001",918319851251
66370,Arya Sanskar Valley-Pawan Kumar,"Nambrot, P.O. Dhalwan, Teh. Baldawara, Distt. Mandi (H.P.) 175004",919882943560
66398,Central India Academy-Rita Singh,"Bhopal Road, Indore-Bhopal Bypass Square, 455001",917389400609
66416,The Legend School,"Near main gate of Maharaja Bada Bagh,Kadavi road Dumraon 802119",917004162792
66417,B P world school,"BP World School, Sunderbani Ward no 1 Sub-District Government Hospital Jammu & Kashmir, 185153",919419600789
66436,Learning Trees School- Priyank Gokani,"FF, Pebble Bay, BRTS, New CG Rd, Janta Nagar, ONGC Colony, Chandkheda, Ahmedabad, Gujarat 382424",919898182884
66443,PMM Academy,"PMM Academy, Ashok Nagar, Gaya, Pin - 823001, Bihar, Cont :- 9199313153",919199559199 Ravi Sir
66445,Dream India Public School-Pankaj Sipa,"Plot No. 159 Mangal Colony, behind Saharsh Hospital, Madhya Pradesh 456010",919938678986
66470,Aayurishi modern school,"Azampur Garhi, Mandi Shyam Nagar, Greater Noida, Uttar Pradesh 203202",917376555888
66506,Global Sainik Academy-Dr. Raghu Krishna Murthy,"Benakanalli Road, Bidar, India, Karnataka 585402",918867200235
66555,Maharaja Agrasen Polytechnic College-Navneet,"Maharaja Agrasen Polytechnic College, Dayantpur jewar G.B.Nagar UP 203135",917830036335
66558,"Lions SVEM School, Koppal","Lions Swamy Vivekananda English Medium Primary and High School
Sy. No. 467/2,3,5, Swamy Vivekananda Marga,
Chukkanakal Road, 2nd Ward,
Koppal
Tq. & Dist.: Karnataka,India
Pin: 583 231",918050874631
66561,Knowledge Rain Public School-Sanjay Yadav,"Jalgoan Road, Pansemal, Distt. Barwani (M.P.) 451770",918770677409
66630,Speed well Edusports school-vikas gajanan,"Gadgadsangvi, Maharashtra 422403",919922956929
66692,ASSAY INDIAN MODEL SCHOOL-Shyam Lal Mahato,"Tithpukur ,P.O- Tungidighi, P.S- Karandighi, Dist- Uttar Dinajpur, Pin-733215",919851904240
66710,PEARLS INTERNATIONAL SCHOOL-Satwinder Singh Kala,"Hajipur Mukerian Road Ballowan Mukerian, Hoshiarpur, Punjab 144211",919463292013
66871,JSS Gurukul,"B4 Balaji Colony Road Kedgaon, Ambika Nagar, Balaji Colony, Ahmednagar, Maharashtra 414001",919371388007
66910,St Thomas School,"Seby M Baby, ST Thomas school, Dhakuakhana Lakhimpur Assam- 787055, Ph 9957473740",919957473740
66931,Jnana Bharathi Group of Institutions-M.ramesh Babu,"Dodahatta Road, Kalyandurg, Andhra Pradesh 515761",919440215655
66937,Wee care play school,"Wee care play school, Amrit colony near Nehar cable office rohtak,Pin - 124001 haryana, Phone - 9671851539",919671851539
66970,Grace Academy,"Fun City, Pilibhit Bypass, Chhoti Vihar, Bareilly, Uttar Pradesh 243006, IN",917310622430
66999,Bright Academy School,"Gurunanak Sarani, Punjabipara, Siliguri, Pincode - 734001, Phone - 9832095334",919832363362
67032,Candid Public School-Irshad Rather,"Awaneera, Road, Frisal, Jammu and Kashmir 192232",919596076276
67035,SB International School-Gaurav Sharma,"Dalelgarh Bilaspur Road ,Gautam Buddh Nagar Bagpur, Uttar Pradesh 203202",919412242818
67039,Kidz Kingdom Pre-school And Activity Centre-Mala Lohani,"Shop No. G 5, 107/102, Durvas Apartment, Link Road, Nalasopara East, Palghar - 401209 (Opp Dmart)",919619302266
67091,Amar Bhartiya Mahavidyalaya-Chouhan,"Chauhan Pyaoo, Suresh Nagar Colony, Thatipur Gwalior - 474011 Madhya Pradesh, India",919425774121
67093,"West Point School Sandhwan,Danewala Road-Himmat","Danewala Road, Sandhwan, District Faridkot Punjab 151209",919815944566
67095,Vishwa Bharathi Arts and Science College-Sridharan,"Vishwa Bharathi arts and science college and vishwa Bharathi college of education,Krishnagiri main road, morappur-post, harur taluk, dharmapuri District-635305",918825986983
67126,"Delhi World Public School, Dhar","Delhi World Public School, Dharawara (Mandav Road), Mobile : 8602456294, Pin - 454001",917869040222
67127,St. Joseph International School-Anil Maan,"12 KM Stone, Hisar-Sirsa Road, Hisar, 125047 (Haryana)",919813100018 Anil Maan
67131,Greenland Academy,"Karnawad Rd, Karnawad, Madhya Pradesh 455221",917638875496
67151,SSM english school,"Lohta Road, Indusrial Area, Chandpur, Varanasi - 221006 (Near Sanjay Memorial College)",917983302155
67156,Yardland school,"UP, MP BORDER CHITRA ROAD, near ASHRAMSHALA, Kashavgarh, Chitrakoot, Madhya Pradesh 210204",918700130160
67166,Montesseri Academy,"Kumarganj- Patiram Rd, near Post Office, Patiram, West Bengal 733133",919903177915
67167,gomtesh eng medium school,"Gomatesh Nagar, Nipani Murgud Rd, Niapni, Karnataka 591237, 95958 91000, 8669126850",919767086499
67169,Tiny Tots Play School-Ruby,"32, New Bank Colony Jambudeep, Do Batti Road, Do Batti, Ratlam - 457001",918280009660
67170,Ignited Minds International School-Vijay,Address Ignited Minds. 402. Orchid Business Centre. Marol Military Road Andheri East Mumbai 400059,917303929402
67175,Little World International Play School,"No.259, Agara Bus Stop, Outer Ring Rd, beside Agara Flyover, Agara Village, 1st Sector, HSR Layout, Bengaluru, Karnataka 560102, Phone: 098800 71870",919986494980
67175,Little World International Play School,"No.259, Agara Bus Stop, Outer Ring Rd, beside Agara Flyover, Agara Village, 1st Sector, HSR Layout, Bengaluru, Karnataka 560102",919986494980
67176,MRUN balika school,"Govindpur Goriyon Rd, Govindpur Goriyon, Uttar Pradesh 212217",917388428907
67177,kids planet school,"Kids Planet Convent School, Jhattra Road, Zira, Jhattra Road, Ferozepur, Firozepur, Punjab, 142047",917009264087
67179,Medhaam Preschool & Daycare,"Medhaam Preschool & Daycare C Block, South City 1 Gurugram, Haryana 122 007 (near Rakshak apartments)",919654133900
67180,Anshul Vidya Mandir,"Vrindavandham Bagh Road, Jobat, Dist. Alirajpur (M.P.) 457887",918815091698
67187,mansarowar public high school,"M P Nagar, Satai Road, Green Avenue Colony, Chhatarpur - 471001 (Gali No 02), Satai-Chhatarpur Rd, Ambedkar Nagar, Chhatarpur, Madhya Pradesh 471001",919425882545
67193,Hillside college of pharmacy @ research centre,"9, Kanakapura Rd, Raghuvanahalli, Bangalore City Municipal Corporation Layout, Bengaluru, Karnataka 560062",919243788829
67204,KHARAGPUR PVT. INDUSTRIAL TRAINING INSTITUTE-Suman Aacharya,"Walipur Bus Stand (NH-6), Kharagpur - 1, Walipur, Kharagpur, West Bengal 721301",919800098555
67208,Ganga Sheel Group of Medical College,"Kamua, Bisalpur Road Bareilly (U.P) 243001",919520064444
67210,DPS,"Near sub divisional office, Nirmali, India, 847452",919135707003
67213,Contai Public School,"Contai Public School , Add- Dakshin Gopinathpur, P.O.- Contai Super Market, Distt- Purba Medinipur, West Bengal, Pin No.- 721402, Phone No. - 9734482037/ 9432427407",919434005757
67227,Sunrise International School-Sudhakar Reddy Madireddy,"Deendar Palli, Bhakarapeta, Andhra Pradesh 517194",919160020473
67228,Global Oriental Public School-Shamshad Ahmad,"Patherdewa, Deoria , Uttar Pradesh, 274404 Near Police Chowki",919415275810
67256,Eastern Residential Public School,"Ramol , Pachgachhi road, Azamnagar
Salmari, Bihar 855113
India",919934586942
67375,Life Vision Academy,"near new Tehsil, Civil Lines, Lalitpur, Uttar Pradesh 284403 Contact- 88405 29156",917007697784
67375,Life Vision Academy-Suhail,"Kadwaya, Madhya Pradesh 473335",917007697784
67413,Labbaik Scholars school,"Labbaik scholars school, 80B Dr. Sundari mohan,Avenue,Kolkata 700014, near 1st floor,Above bandan bank.",919934471823
67457,Third Millennium Public School Nowshera,"amar bagh bela, ward no 01 ,Nowsher 185151",919858501390
67513,WAVE INTERNATIONAL SCHOOL-Krishna Kumar,"Siyantand, Baramasia, Jharkhand 815312",919708502321
67622,AKC Education,"AKC SCHOOL, NARBADA NAGAR CHAMTI KHERA ROAD CHITTORGARH, pin 312001, Rajsthan, Mo.No 94142 02332",919414202332
67674,Gurukul Vidyalaya,"Bhaisana, Jogipura, Madhya Pradesh 465685",919131333194
67680,K N Patel School-Payal Siddhapura,"Shayona Green, KNPIS Shankus Green Memories Party Plot Lane, Besides, Gota, Ahmedabad, Gujarat 382481",919375001414
67682,vardhman higher secondary schoolMohit Gandhi,"Police Station, CM - 8 & 9, near Hira Nagar, Sector CH, Sukhlia, Indore, Madhya Pradesh 452010",918085398777
67706,Birsa residential school,"saldega,PO/PS dist simdega(JH) 835223",919386048376
67708,Gurukulam-Sivanesan Kandaiah,"Alangirankadu Road, Aranthangi, Pudukkottai, Tamil Nadu, 614624, India",919600680849
67767,Muskan International School,"Muskan International School Kantabanji, Dist: Bolangir, State: Odisha, Pin code: 767039",919937794103
67768,Sham Golden Academy,"Sham Golden Academy, 36/D, Topsia Road (East) Kolkata - Pin -700100, Uttar Panchanna Gram",917003548967
67793,Sai School of Education-Vipul Sharma,"Sai School of Education,Near Power House, Poonch, Pincode :185101",919797726631
67838,Dewan Global School Kids,"21, 3, PNB Rd, Sector 3, Jagrati Vihar, Meerut, Uttar Pradesh 250004",918006880333
67851,Shiv shakti international School,"Nambiyampalayam Village, Avinashi Taluk, Thekkalur Post, Tiruppur - 641654 Contact - 9943607071",917904727456
67891,Jnanodaya English Medium Public School-Vijay Kumar Harale,"Bull-temple road, Shankara Park, Shankarapuram, Bangalore – 560 004",919844757274
67910,Praveen Vidyapeeth-Deepak Jadon,"NH2, Sirsaganj, Jugmudi, Uttar Pradesh 283151",919528385650
67952,RED ROSE PLAY SCHOOL-AMIT KUMAR BHARDWAJ,"Baraut, Baoli Road, Baraut Baghpat, Baraut - 250611 (Near Cheap Gun House)",919719864450 Amit sir
67986,Brilliant Public School-Deep Parmar,"kasturi courtyard, 247-248, near new rto office, transport nagar, Kokta, Bhopal, Madhya Pradesh 462022",919893535318
67995,Kidzee Pre School-Geeta Ahuja,"New Mondha, Parbhani, Maharashtra 431401",919028193935
68022,sunshine public school,"Sunshine Public School, Jind Road, Kaithal, Kaithal, India, Haryana (136027)",919467190005
68053,The Mount School,"Chakmusa Road, Patna Aurangabad Road, Phulwarisharif, Patna - 801505 (Near Nakti Bhawani)",919334110068
68053,The Mount School,"Near AIIMS, Naktibhawani,Khagaul Naubatpur Road
Patna, India 801105",919334110068
68061,Mount Valley International School,"N.H. 76, Near Sukhwara Bus Stand, Sukhwara, Distt.- Chittorgarh (Raj) 312602",919929687831
68061,Mount Valley International School-Ramniwas Dhakar,"Mount Valley International School Sarlai, Peeo Sukhwara, Bhadesar Chittaurgarh Sarlai1 (pincode: 312613) Rajasthan.",919929687831
68061,Mount Valley International School-Ramniwas Dhakar,"Sukhwara, Chittaurgarh, India, Rajasthan 312613",919929687831
68081,om Gyan Kendra -Hemendra Agrawal,"Om Gyan Kendra, Shivpuri Block B, Saloda Road, Gangapur, Rajasthan 322201",919982777518
68085,"AHA Public School, Chapra-Gulam Jilani","Jalalpur, Chapra, NH-85, Saran, Bihar 841301",919031657206
68096,P. S. KHUBBA CBSE SCHOOL LATUR,"Prabhu Estate, Khubba Nagar, Basveshwar Chouk (East, Ring Rd, Latur, Maharashtra 413512",919673190999
68143,RISING BUDS PUBLIC SCHOOL,"POORE BADAL WARD, NAGAR PANCHAYAT SUBEHA, BARABANKI 225125",919161500483
68148,dream valley school-Khader Mohd,"Dewdi,Karam ali khan Tappa Chabutra, Karwan Rd, Hyderabad, Telangana 500006",919491194876
68178,Vivekanand Shiksa Samiti Maulasar,"NEAR SAI TEMPLE,JHAROD ROAD,MAULASAR,NAGAUR,341506",918432777772
68185,"St Joseph World School, Karhal-Navneet Yadav","Saifai Bypass Karhal (Near Police Station, Uttar Pradesh 205264",919818950388
68241,Sir Isaac Newton school,"Velankanni Road, Pappakoil, Nagapattinam, Tamil Nadu 611102",919003757537
68246,Shree Sai Gurukul Prashanta Kumar Sahoo,"Sankharo, PBarapur, Basudevpur, Bhadrak State, 756046",919040265161
68252,Star Hybrid School,"Deoria Bypass Tiraha behind icici bank, near Om Supar Bazaar, Gorakhpur, Uttar Pradesh, 273002",919838927234
68270,Simna Public School-Imran khan,"Chikhli, Rajnandgaon - 491441 (Pond, Raman Bazar)",919300323366
68273,crown public school,"114, Sant Nagar, near Sant Nagar garden Sawer Road, Ujjain, Madhya Pradesh 456001",919826078441
68311,MAXX WORLD SCHOOL,"R5X7+373, Bajaura, Himachal Pradesh 175125",919816031100
68311,MAXX WORLD SCHOOL,Garsa Rd. Bajaura Kullu HP 175141,919816031100
68317,Shri Hari Vidyaniketan-rajesh kumar meher,"Padarparapara, Tarbha, Odisha 767016",917978929922
68328,Sardonyx School - Jhajha-M Akhtar Sardonyx,"Domar Pokhar, Sohajana, Jhajha, Jamui-811308,",918298855384
68349,GLOBAL MONTESSORI HOUSE,"HSR Layout, Sector 1, Beside Agara Flyover, Bangalore 560102, Karnataka",919986494980
68352,Alfa Advanced School,"Jodhpur Bilara Padasla Kallan, Gps Np Pipad Shahar_Ward No. 9 Rajasthan India 342601",918769377471
68361,Sanskriti Public School,"In front of guest house,
Shivpuri-Jhansi(NH25) Road,
Karera, Dist. Shivpuri (M.P.)
Pincode – 473660",919131965139
68365,Empire College Of Science,"Moodal, Kuttippuram, Kerala 679571",919946211243
68366,ARQAM ENGLISH SCHOOL,"TATA NAGAR ,NEAR SUNNI JAMA MASJID OPP,C’BLOCK DEONAR MUNICIPAL COLONY GOVANDI MUMBAI 400043",919004762301
68368,Sri Sai concept school-K.Reddeiah,"Kurnool - Ongole Main Rd, Samatha Nagar, Sujatha Nagar, Ongole, Andhra Pradesh 523002",919505503412
68375,Sunshine public school,"16/7 dodda gollarahatti, magadi, main road , banglore - 560091",919844585548
68376,Gurukul Vidya Bhawan,"Gurukul Vidhya Bhawan Sec.School ,Address- Near Talab , Amrakunj,Dahod Road Thikariya, Banswara (Raj.), Pin Code-327001",919460431999
68379,"Bachpan and Seven Star Convent School, Khunkhuna Station - Dinesh","Maulasar Rd, Maulasar, Rajasthan 341506, India",919783301121-Director Dinesh
68396,Bright Line Education,"Vpo Tikker, Shimla, India, Himachal Pradesh 173217",919816944789
68398,Baba Aapo Aap Guru Nanak Public School,"Nabha-Dhuri Link Road (SH-12A), Mansoorpur (Chhintanwala) Tehsil: Nabha District: Patiala, Punjab, INDIA, Sangrur - Nabha Rd, Chhintanwala, Punjab 147201, India",919855077773
68400,SVM CHILDRENS ACADEMY,"svm children's academy,diwan anagar khora bisal, Jairampura road, Jaipur, Pin - 302012",919829854868
68402,Gurukul International School,"Samarth Complex, Near Samarth Petroleum, Nashik-Saputara Highway, Dindori , Dindori, India, Maharashtra 422202",919552667478
68417,Shree Narsingh Vidhya Higher Secondary School-Sunil Kumar Upadhyay,"samba Ghagwal,M.S Radial Naran, Jammu & Kashmir 184141",919419107455
68585,Rose Public School,"V & Po Suliali Teh Nurpur Distt Kangra, Himachal Pradesh, 176211",919999999999
68597,Vipul Educational Institution,VIPUL PUBLIC SCHOOL Dungra chhota Teh. Sajjangarh Dist. Banswara Rajasthan 327602,919828705752
68624,YUG NIRMAN SHIKSHAN SANSTHAN SENIOR SECONDARY SCHOOL,"Yug Nirman shikshan sansthan inter college,Deoria Khas,,District -Deoria,State -U P,Pin code -274001",919792600213
68638,Oriental Naga Academy-Khathing Luiram,"39W9+2G7, Ukhrul, Manipur 795142",919077777775
68640,LIMRA INSTITUTE (temporatr,ly closed),919733330049
68650,Chaitanya Gurukul,"Mehkar Rd, DIST:, Chikhli, Maharashtra 443201",919158009158
68664,Shan-E-Sleeba Vidhya Mandir,"Adarsh Nagar, Kaytha, Tarana, Ujjain, M.P., Tarana, Ujjain - 456665",919424863011
68672,SKS Doon World School-Vishnu Varshney,"SH 43, Budaun, Jakhaulia, Uttar Pradesh 243726,",918126740185
68678,Dream Valley Educational Institute-Altaf Maqbool,"Dream Valley Educational Institute Tangdar, District Kupwara, Tehsil Tarathpora, Pincode 193224",919596342402
68685,GVJ International School,"Uppathur Rd, N. Venkateshwarapuram, Sattur, Peddureddipatti, Tamil Nadu 626205",919940309757
68703,Elite Global School-Bhagirath Singh Rawat,"ROAD, Delanpur, Sailana, Madhya Pradesh 457001",919413752212
68728,Shemford futuristic school kupwara- John Mohd,"Birpur, adjoining Imperial Resorts, Jammu, Jammu and Kashmir 181133",919149812615
68729,"Vision Public School, Nagda","Vision Public School, 28/5, Prakash Nagar, Nagda Jn. 456335",919111271438
68733,GOLDEN VALLEY H S SCHOOL-Joydip Deb,"GOLDEN VALLEY H S SCHOOL, PADMAPUR, DHARMANAGAR, PIN 799250, TRIPURA",919436132294
68740,D.P.S.D Public School,"KANNAUJ BYPASS ROAD

BILGRAM DIST.HARDOI

UTTARPRADESH 241301",919871764213
68741,Rani Bhabani Vidyaniketan,"Rani Bhabani Vidyaniketan , Index No:-E3-099, Saderghat. Raghunathganj.Murshidabad, Pin -742225 , Phone - 03483356008/7407605008,9434441529",919434441529
68746,St.Anns College,"12-2-823, ST. ANNS COLLEGE, A/45, St Anns Rd, Santosh Nagar, Mehdipatnam, Hyderabad, Telangana 500028",919999999999
68749,Creative Corner Pre School,"2129, Block A, Sector 10, Urban Estate, Jind, Haryana 126102",919812227387
68757,Vedic Indian School-Naveen Kumar Nandey,"Harishankar lane, opposite aditya vision 7004508433, Haji Nagar Colony, Mithanpura, Muzaffarpur, Bihar 842002",919973552286
68775,Yash Group of Institutes,Near Railway station Satona Kh TQ. Partur Dist Jalna Maharashtra 431502.,919673282872
68777,Lions Convent Higher Secondary School,"AB Rd, near Chhoti Bijasan ,NH3, Sendhwa, Pipaldhar, Madhya Pradesh 451666",918959824356
68806,Embesow Matric High School,"M . C Road, Marapattu Girisamudra, Vaniyambadi HO, Vaniyambadi - 635751 (Near To Naser Bali Company Ltd)",918072527911
68821,Golden Spring School-Patan Sak,"Khan Estate, T.Sakibanda, Andhra Pradesh 516214",917799612447
68841,Kudos International School-Dr Kuljeet kaur,"Kudos International School, Add:- Nainwan Road, Near Bahadur Singh Circle Bundi - Rajasthan, Pin code 323001, Phone 07472457336, Mobile 9828117001",919828117001
68842,Satyaketu Vidyalaya-Yudhvir Singh,"KOTLI MIAN FATEH, R S PURA, Jammu, Jammu and Kashmir 181132",919858235473
68879,New Light Public School,"New Light Public School, Chitterkote karnah kupwara J&K 193225",919622472747
68913,Maharishi Dayanand Public School,"345- a/11 Near C.R.P.F. GC-1 MASUDA GATE, Ajmer, Rajasthan 305001",919784502143
68925,Gurukul International Convent School akash yadav,"Janakpur Near Darauli Railway station, Muhammadpur Phooli Road, Zamania, Uttar Pradesh 232326",918052848484
68935,Elite Minds School,"Elite Minds International School Campus, Village Chinniga, Jannapura - Mudigere, Karnataka 577132",919900333393
68949,PBS Gurukul-bhagvat sonawane,"74/1 Near Railway Flyover, Kotamgaon Kh, Yeola, Maharashtra 423401",918806272733
68950,Ashram High School-Father Thomas,"Ashram Vidyalaya, Malikhedi, Ghattia, Ujjain, Ghattia, Ujjain - 456550",918075515425
68972,Tunga Pre-Primary School-Selvam R S Subramani,"Tunga Pre and Primary School, Hospet - 583225 (Behind Anjenaya Temple)",919449622566
69043,SHEILING HOUSE,"Zoe Ville, 10/498, Allenganj, Kanpur, Uttar Pradesh 208001",91915122530678
69066,Sanskriti Global School Badnagar,"The Sanskriti Global School, SH-18, Ujjain Barnagar Highway, Near Kharsod khurd, Barnagar, Distt. Ujjain 456222",919179772607
69182,G NEXT MODEL SCHOOL,"Kamalpur - Khowai Rd, Khowai, Tripura 799202",919436512943
69258,Royal Public School-Rakesh Meena,"Jamoli Pin Code 311201 School Area Rural Cluster Gups Rampura, Jamoli Block Jahajpur District Bhilwara State Rajasthan",919660577252
69334,Pratibha Academy,"Pratibha Academy, opp. Nutan Club, Nana Bazaar, Vallabh Vidyanagar, Gujarat 388120",919824279555
69342,Sri Vasavi English Medium School,"P.Anil Kumar, Join Secretary , Sri Vasavi English Medium School - Srirampura - 577542 , Hosdurga tq , Chitradurga Dist - Karnataka State",919164686024
69421,"St Rameshwar Central School ,Nirbhay Kumar Nirala","Main Road, Bharwara, Bishunathpatti, Bihar 847104",9.19470404094841E+021
69428,AJM English School,"Howriapet No.2, Kachugaon
Kokrajhar, Assam
PIN Code: 783360 (INDIA)",919957855797
69493,SGM UPPER PRIMARY SCHOOL PAGARIYA,"Village Pagariya, Pagariya, Pt. Samiti Bhawanimandi Tehsil Pachpahar, District Jhalawar, Rajasthan, Pin Code 326512",917000145435
69562,Devnandan Inter College,DHARWAN GHAZIPUR Uttar Pradesh 233302,919984551100
69575,Village Montessori School - DrShiv Mohan,"Mishrana, Khaprel Bazar, Lakhimpur, Kapoorthala Road, Kheri, Lakhimpur Kheri - 262701",919999949717
69576,Cambridge Convent School Bikaner,"sector v1, Murlidhar Vyas Colony, Bikaner, Rajasthan 334004",919782434814
69610,"BeST PU College, Raichur","Lingsugar Rd, opp. agriculture university, Daft Colony, Housing Board, Askihal, Raichur, Karnataka 584101, India",918217441724
69756,Sunny Convent Public School Haiderpur,"105, Haiderpur, Delhi, 110088",919718659687
69759,Bengal Public School - Arindam Sinha,"SH 7, Sherpur, Khargram, Ramchandrapur, West Bengal 742159",919051879456
69764,BRAHMA BABA TECHNO SCHOOL,"Janagaon,Titaguri Part-II. P.O: Titaguri B.T.A.D, Assam 783370, India",919365736204
69809,Archimedes international school,"Sant Ghat Rd, Hat Saraiya, Bettiah, Bihar 845438",917277301780
69877,Shri Bajrang College of Pharmacy Shiksha Samity,"RJ SH 14, Bhuda, Deeg, Rajasthan 321203",919828726666
70024,Enlighten Public School - krishna mohan kumar,"Maa Shitla Gali, Aurai, Muzaffarpur - 843312 (Near Arai Block)",918340424921
70031,SBSR Inter College- Avtansh Yadav,"SBSR INTER COLLEGE VILL- VIRAYAMPUR POST- PILKHANA DISTT- FARRUKHABAD PIN 209501, MOB -9528132414",919528132414
70039,KD CONVENT SCHOOL,"Vangaon, Uttar Pradesh 224151",919646720738
70105,SRPV Bhavapur-Sandeep Singh,"School Location Saharah, Mugkalyan Howrah, PIN - 711312",919839877327
70115,Tagore Central Academy,Himanshu jhankal House no 145 Gyan Vihar colony behind Queen Mary girls school ajmer  305001,91 6375476195
70156,Little Rose English school Basar,"ego yamin village, Basar, India, Arunachal Pradesh 791101",919402283816
70162,LBS College pratapgarh,"National Highway 113 Banswara, road, Pratapgarh, Rajasthan 312605",9.1759754781876E+021
70169,DS Public School-Sanad Saxena,"OCTORI NO, 08, NAWA PURBA, Firozpur, Punjab 152004",9.19653947266965E+021
70224,Saraswati Gyan Mandir,"Diwakari, Umrain Alwar, Rajasthan PIN Code: 301001",919799322242
70285,St Xaviers Point School-Vijay Dubey,"37, Suren Sarkar Road, Beliaghata, Kolkata - 700010 (Near Milan Mandir, CIT More)",918777673631
70297,"Anandi Academy, Bageshwar","Chandan Singh parihar ,C/o Anandi Academy Bankhola Mandalsera Bageshwar, Uttarakhand, Pin 263642, Mobile:9719862206, E mail: chandanparihar65@gmail.com",919758611838
70318,Vivekanand mission jivkorba English School- Kalyan Roy,"Gj Sh 143, Mamlatdar Kacheri, Talod, Sabarkantha - 383215",918866394483
74129,Green mount English school -Javed Jamal,"Green Mount School,'F’-Sector, Itanagar-791113 Arunachal Pradesh (India)",916204939994
74175,NEW ANGEL HIGHER SECONDARY SCHOOL,"New Angel Higher Secondary School, CADC, Kamalanagar I, Kamalanagar, Mizoram 796772",918132006969
74234,St. Gorakh Nath Children Academy,"St. Gorakh Nath Children Academy, near Post Office, Kandhla, Uttar Pradesh 247775",919627206946
74594,Deoria Private ITI - Pawan Kumar,"Deoria Private ITI, Krishna Nagar Deoria Khas, District - Deoria, UP 274001",918700183732
74832,Madam Curie High School-Vaishnv Garasiya,"F7HF+476, Kukdeshwar, Madhya Pradesh 458116",918965007827
75028,Jnana Mudra Public School - Kiran kalaskar,"Old, APMC Rd, Nargund, Karnataka 582207",918884407556
75356,Noon Public High School-Abdul Hussain Muntazree,"Noon Public High School sankoo,Sankoo Block, Kargil District, Jammu Kashmir State,194103",9.19622823511705E+021
75364,M.S.G.M. INTER COLLEGE KUSMARA,"Jawapur, Kishani, Mainpuri, 205119, Uttar Pradesh, India Call: 9412624204,9758669037",919758669037
75507,"Times Gurukul, Jagatsinghpur","Taradapada, Jagatsinghpur, Jagatsinghpur, Orissa, PIN Code: 754103 (INDIA)",919437021605
75574,LOTUS PUBLIC SCHOOL,"In Front of Govt. Gattani Girls School Gali, Ward No. 10, Akaltara Road, Janjgir, Dist. Janjgir-Chama (C.G.) 495668, Janjgir, India, Chhattisgarh",919300112690
75586,Sun Valley International School,"A-1, Ashok Marg, Sector-1, Vaishali, Ghaziabad, Uttar Pradesh 201010",919383184021
76003,THE SANKALP SCHOOL,"VILLAGE KARNERA, NEAR SEC 56A, BALLABGARH, FARIDABAD, HARYANA 121004",919899946414
76009,"Royal Public School, CHURHAT, SIDHI -RAJESH KUMAR GUPTA","Churhat, Madhya Pradesh 486771",919893738026
76046,SYNOD ENGLISH MISSION SCHOOL,"Ward no 2, Gauripur, Dhubri(Dist), Assam. 783331",917002833612
76602,Day Light Public School-,"Ward No 2, Virat Nagar, Virat Nagar, Satna - 485001",919098119493
77181,Vardaan Play School-Sanjit Pattnaik,"Narayani Road, Phulbani, Kandhamal, Pin: 762001",918328884977
78190,Geeta International Public School,"Ravindra Nagar, Ravindra Nagar, Padrauna - 274304 (Near Jila Mukhalaya)",919452719698- O.p Gupta
78890,Cambridge School Yadgir,"Valmiki Nagar, Yadgiri, Karnataka 585201.",919880012654
80158,SR public school - Pk Pandey,"Manjha Tarhar, near pathri bazar Gonda, India, Uttar Pradesh 271123",919792405345
80404,Future Genius Academy- Mohhan Vaishnav,"Future Genius Academy , Pathwari ke piche, High Secondary Road, Sarwar. Pin code 305403, Mobile no. - 9672970991",919672970991
80783,"Newlight Education Centre, Rajpur kanpur - pallvi chauhan","New Light Education Centre Rajpur Kanpur Dehat, near police station, Rajpur, Uttar Pradesh 209115",919336655731
80808,ram lakhan patel vidhyalaya-vikash prajapati,"Pilkhawan, Post, Barwa, Sohawal, Faizabad, Pincode-224182, Uttar Pradesh, India",919651247244
80879,St. Joseph's Convent Girls High School,"Indira Nagar, Kalaburagi, Gulbarga Karnataka 585102, India",918310554967
80920,"CHANAKYA EDUCATION GROUP, JHARELI - DEVA RAM NAIN","N.H. 58, BY PASS ROAD, Jhareli, Rajasthan 341022",919672598844
80929,Mathan School of Music-Praveen Sir,"1759 MJT Buildings, Olumbus Ramanathapuram, Coimbatore 641045",917708612830
80981,"Sai Ram International School, Manguwal,Himachal Pradesh","Sai Ram international school, Manguwal PO. Rajpura Tehsil Nalagarh District Solan, Himachal Pradesh Pin no. 174101",918352810745
81259,Stepping Stones International School,"Principal, Stepping Stones International School. Beas complex, Near Circuit House. Bilaspur HP 174001, Mob 8988155000",918988155000
81433,UP Public School,"Up public school, Vill- tenua narauli bhikham, Post -khukhundu, Distt -deoria up 274501",919717311975
81437,RK Bansal International School,"R. K. Bansal International School, Village Kamed, Ujjain-Nagda Bypass, Near Mangalnath Temple, Ujjain (MP)-456006",917694062123
81511,"Divine Public School, Gorakhpur","Bichhia Near PAC Camp
Gorakhpur- 273014",919619170850
81540,Pragya International School,"Pragya International School, Ward No 2, Pragya Road, Bijainagar Dist. Beawar Pin Code 305624",919079703698
81590,"DG Agrawal Memorial Senior Secondary School, Chinchpada","Smt. D g Agrawal Memorial English Medium School, Chinchpada Near Railway StationTal.Navapur,Dist.Nandurbar,Maharashtra,Pin. 425417",917798496551 Biju sir
81670,Sridhar's Academy,"Subbaiah colony, Avilala, Tirupati, Andhra Pradesh 517501",916302114497
81743,Rockford Academy,"ROCKFORD ACADEMY, Saribari Square, Sodang, Unhel Road, Ujjain 456006 MP",919424039311
81745,Swami Vivekanand and Rameshwar School,"Swami Vivekanand Vidyalay, Nanja Phata, Kshirsagar, Jalna Road, Bhokardan, Bhokardan, Maharashtra 431114",918208119494
81778,Seth Anandram Jaipuria School,"Sector-14-C, Vasundhara, Ghaziabad - 201012",919452351337
81808,NEW HORIZON WORLD ACADEMY,New horizon world academy Plot no 58 to 62 sector 20 koparkhairne 400709,919619595922
81814,Phoenix International,"Plot no 32 & 33, Sector 3, Airoli, Navi Mumbai 400708",919221269012
81860,Satyam Bright Future Public School Mathura,Satyam bright future public school near Bansal vatika Aurangabad road mathura 281006,916398167725
81908,"THE CRESCENT SCHOOL,Main Branch, Kaptanganj","Dr Mohd Hasib , Main Branch, The Crescent School, Chilwan, Tahsil KAPTANGANJ, Kushinagar U.P. 274301",919935000766
81910,Aakarsh career institute pvt ltd,"UJJWALA BHOYAR, ADDRESS :- AAKARSH CAREER INSTITUTE PVT LTD, 2ND FLOOR,57, PRADIP, BUILDING,MOUNT ROAD, SADAR NAGPUR, MAHARASHTRA 440001., Mob. 7020125296",917777015616
81921,Morning Glory Public High School,"School Enclave, Pur Hiran, Hoshiarpur, Punjab 146001",917347620780
81925,THE EMERALD HEIGHTS INTERNATIONAL SCHOOL,"AB Road, Rau, Opposite Akashwani, Indore, MP, India – 453331, Phone - 8720009992 / 93",918720009992
81934,legend school,"Station road, Maharaja petrol pump dumraon 802119",918709324569
82025,Rani Bhabani International School,"Rani Bhabani Vidyaniketan , Index No:-E3-099, Saderghat. Raghunathganj.Murshidabad, Pin - 742225, Phone - 03483356008/7407605008,9434441529",919434441529
82054,K.H. Memorial School,"`K H Knowledge City, Jawahar Nagar, Bhilai, Chhattisgarh 490023",919981392164
82099,S. Tech international School,"NH service road, suras chauraha NH, via, near palana temple, Pansal, Rajasthan 311802",918949084654
82179,Achievers International School School,"Achievers international school, Add:- Jawahar chowk koudiya Gadarwara Madhya Pradesh, 487555, Contact 9691606090,9907999940",918770616641
82209,Sans Public School,"3rd Cross Rd, Kanthirava Layout, Kanteerava Nagar, Nandini Layout, Bengaluru, Karnataka 560096",917760028426
82225,Samrat Ashok College,"238/239 Green Height, A-Sec, Sarvadharm Kolar, Bhopal - 462042",918718914684 Himanshu Sir
82250,Sacrarium Public School,"Post Office Rampur, Bushahr, Distt. Shimla-172001 Contact -9805900170",918988231636
82255,Silicon Acadmey,"76, Gali Number 3, Ward 7, Sanwer Road Industrial Area, Indore, Madhya Pradesh 452015",918269091343
82256,Suman convent school,"Village Ataheda Tehsil Depalpur, Depalpur, Indore - 453115 (Zila Indore)",919981130877
82257,Modern public school indore,"Son Vay - Modern Public School, Mhow, Indore, Madhya Pradesh. PIN CODE - 453332",919827913697
82259,Mohammd Shoib,"1 Khajrana Main Road Sardar Bagh, behind Patel Market, Khajrana, Indore, Madhya Pradesh 452016, Phone - 092032 07201",919300008185
82262,Mp police public hr sec school,"15th Batallion. S.A.F., Mahesh Guard Line Indore, Indore Gpo, Indore - 452001",918103891312
82264,Ryan international Indore,"97/4,VIP Parasper Nagar Near IDA Auditorium, Indore, M.P. (school website),PIN-452012",919754523332
82267,Shree hd prajapati academy,"Shri S D Prajapati academy, 91/1, Main Road, Banganga, Indore, Madhya Pradesh 452015",917000080343
82268,Shubharambh academy,"Chaman Chouraha Depalpur, Madhya Pradesh 453115 Contact - 7389655596",917389655596
82270,Gyan sagar school ujjain,"Near Abhilasha Colony Dewas Road, Gram: Hamukhedi UJJAIN - 456010 Madhya Pradesh - INDIA Phone No.: +91 - 734 - 2526176, + 91 - 7509075008",919131275717
82274,Yugantar international,"Yugantar international, Gram Undasa, Kanipura Tarana Road, Ujjain (M.P.) 456006, +91-7440371111",919039241112
82275,Samta international school,"SAMTA SHIKSHA NIKETAN Bhagwan Mahavir Marg Sagod Road Ratlam 457001 Madhya Pradesh, 07412 243066 9589324306",918989467693
82277,pakiza school Indore,"Pakiza Public School: U-Turn from Ankur Rehab Center, Sai Vihar Colony, Gram Jetpura, Near Dharampuri, Ujjain Road, Indore (M.P.) Pincode - 453555, +91 9109908802, +91 9109908804",918602050501
82279,Mahtma gandhi hr sec school,"Mahtma gandhi hr sec school, A.B Road,Shajapur, M.P. - 465 001",919981134926
82280,IES public school bhopal,"IES public school bhopal, IES CAMPUS, Kalkheda Ratibad Main Road, Bhopal - 462044. +91 9229251475.",917974333548
82286,Pankaj sahu,"Nagin Nagar, Chandan Nagar, Indore, Madhya Pradesh 452006, Phone - 074850 96731",917000668271
82287,Kids college indore,"218/2 Dharnawad, Dhar Road, Indore, Madhya Pradesh 452002",919179305288
82288,Arise global Academy,"27/B , Arise global Academy, Indira Gandhi Nagar, Kesar Bagh Road Indore Madhya Pradesh-452009, 7999750399",918959090001
82300,Adarsh Vidhyapeeth,"ADARSH VIDHYAPEETH HIGHER SECONDARY SCHOOL Sushila Sadan, Naya Mohalla Burhanpur, Madhya Pradesh, India 450331, 97540 59016",917999087076
82301,Smt. Kamala Saklecha Gyan Mandir,"Smt. Kamala Saklecha Gyan Mandir Bhanpura Dist: Mandsaur-458 775, Madhyapradesh. · +91-7427-280687 / 236563",919967059206
82302,Ms agarikala School,"Dasrangpur, Kawardha, Agrikala, 491336, Chhattisgarh, India",919131445360
82304,AVP Global,"AVP Global School Kishore Campus, Plot no. 309-310/3, Khadkod, Jalgaon-Jamod Road, Burhanpur - 450331, +91 79990 87076",918369383010
82306,Lakewood international school Ritwik pathak,"140/1,Bisnavda,Airport Road, Bisnavda, Madhya Pradesh 453112, 9930073255",919833734183
82307,Achieve Heights Pre School,"Achieve Heights Pre School, Address : MS – 10 Ratnapuri 80 feet Hanuman Tal Road, Ratlam, Madhya Pradesh, India, 457001 ; Phone No. :9907302010.",919907302010
82308,DBS PUBLIC SCHOOL,"19-Rani Palace, Dhar Rd, Geeta Nagar, Indore, Madhya Pradesh 452002, 9827043854",919827043854
82310,Vrashali Singh,"Buranakhedi, Kanadia Road, Dist.Indore, Somdeep International School PIN Code: 452016",917898021000
82311,Catalyst World School,"Catalyst World School, Bicholi Mardana, Ambamoliya Bypass Road, Indore - 452010, Phone - +91 9753333041/+91 9753333611",919244142716
82313,Malav bharti school,"523/2, Tikariya Rd, Nanda Nagar, Kamala Nehru Nagar, Indore, Madhya Pradesh 452015 (",919827634341
82316,Aajinkya khare,"455, Bapu Gandhi Nagar, Scheme No 114, Indore, Madhya Pradesh 452010, Phone - 093008 22655",917880016179
82319,New Amazing Angels Public School,"211, Patel Mohalla, Samrat Nagar, Khajrana, Indore, Madhya Pradesh 452016",917000642309
82320,Dr M B Khan,"187, Bhagora Road, New Guradiya, Mhow, Indore, Madhya Pradesh, Pincode: 453441, Phone - +91 9111136883,+91 9926085992",919926085992
82321,Jitendra Bal Vinay Mandir,"577/10 D Nand Bagh Colony, Kasera Bazar, Indore - 452001",918817464746
82322,Bhandari public school,"Bhandari Public School Near B.T College, Sihada Road Khandwa 450001 (M.P), +91-9479884057 0733-2249884, 2249784",919425087900
82323,Bal gokulam,"8, Akshay Deep Colony, MR 9 Road, LIG Colony, Indore, Madhya Pradesh 452011, India, Phone - 077718 77767 / 077708 77767",919977227767
82324,Shree Swami Ramanand Vidya Sankul,"SHREE SWAMI RAMANAND VIDYA SANKUL RAMTEKRI TAPOVAN VILL.- SOPRA,CHACHODA, Sopra, Madhya Pradesh 473115,",917024574702
82326,Chalk and Duster a play school and dayca,"shalimar palms, 06 sharthak street Near sanjana park and, Road, near J V Collection, Bicholi Mardana, Indore, Madhya Pradesh 452016",919993049220
82328,Shiva academy,"Ranmalbiluod, Madhya Pradesh 453001",919340516932
82330,Shaurya saraf,"AB Road, Rau, Opposite Akashwani, Indore, MP, India – 453 331, Phone - +91-8720009992 / 93",918329495854
82331,The Aditya Birla Public School,"The Aditya Birla Public School Dahej Road, Kesrol, P.O. - Eksal, Bharuch, Gujarat, PIN - 392130, +91-9904203311",919649416666
82333,Innovator school,"Rau, 194, Braj Vihar Colony, Indore, Madhya Pradesh 453331, Phone - 090090 20606",919009020606
82335,Edara Nagapavan,"Flat No. 402, Maruthi Jewel, Hari Hara Constructions, Near Sushma Theater, Kranthi Hills, Vanasthalipuram,I-Icon Academy, Hyderabad, Andhra Pradesh,PIN-500070",919848688388
82337,Acropolis,"Acropolis Institute of Technology and Research, Bypass Road, Manglia Square, Manglia, Indore, Madhya Pradesh-453771, India, Phone - 0731-4730000, 4730001",919926058860
82339,Satya Sai Vidya Vihar,"Scheme No. 54, A.B. Road, Vijay Nagar, 01, Sector A, Slice 6, Aranya Nagar, Vijay Nagar, Indore, Madhya Pradesh 452010 : 0731-2553023",919424848668
82340,Busybuddies Pre School,"MR-4 Rd, near Daryani classes, Yadav Colony, Jabalpur, Madhya Pradesh 482001 Phone: 075819 99900",919827097674
82341,Brilliant Academy,"E-409, Malvi Nagar, Shyam Nagar Annex A, Sukhlia, Indore, Madhya Pradesh 452010, Phone - 092851 33118",919109619792
82343,Jd School,"Junior Jd School Ujjain, Word No. 39 (pincode: 456010), Hss Girls Dhanmandi, Ujjain Urban, Ujjain , Madhya Pradesh.",917024413142
82345,Sukun India,"Sukun India, 70C, Suvidhi Nagar, MR 5, Super Corridor 452005 Indore, Madhya Pradesh, India, 8602125015",918435305979
82347,Sikka,"Plot. 17 & 17A, Phase – II Scheme No. 78, INDORE – 452010, Phone no - (+)91 731 2577254, 2577271",918866330440
82350,Regel Cambridge Academy,"155/4, Sundar Nagar, Sanwer Rd, Banganga, Indore, Madhya Pradesh 452015, Phone - 9425089724 / 9977577775",919977077773
82353,Rigal School,"155/4, Sundar Nagar, Sanwer Rd, Banganga, Indore, Madhya Pradesh 452015, Phone - 94250 89724",919770583354
82357,Kinder Buds School,"44, Kranti Kriplani Nagar, Indore, Madhya Pradesh 452009, Tel: +91-9993834881",919993834881
82359,Indore Convet Her Sec School,"Banganga, Maharana Pratap Nagar Indore, Madhya Pradesh 452015",9.198260962727E+021
82360,The Legacy world school,"225, Airport Rd, Dwarkadhish Colony, Panchsheel Nagar, Indore, Madhya Pradesh 452005",919893079247 Deesha Ojha Owner
82363,Little Cipur School,"Mahalaxmi Branch: MR 4/161, Near Bombay Hospital, Indore 9893276696 pincode - 452010",919893146668
82364,The Shishukunj International School,"Jhalaria, Bypass Road, Indore, 452016, Madhya Pradesh, India, 9111104781/82, 9644733315/16",919977600229
82365,Prudential Kids Her Sec School,"Near Tirumala Greens, Behind DPS School, Nipaniya, Indore,PIN-452010",919340102129
82367,Kiddy Paradise School,"kiddy paradise school, infront of kavi pradip udhyan barnagar barnagar, ujjain, Madhya Pradesh 456771 India, 084350 16969",918435016969
82368,The Wonder Years School,"142, Dhanwantri Nagar, Rajendra Nagar, Indore, Madhya Pradesh 452001",919977750058
82369,The Wizz Kids Preschool & Activity Club,"102, Sampat Farms, Opposite Grande Exotica, Bicholi Mardana, Indore (M.P), Phone - (+91) 9111499119, 9111099119 PIN- 452016",919111099119
82370,The Academic City,"Mohankheda Jain Tirth, Rajgarh (Dhar), Manglia, 453771",919826727022
82374,Shishu kunj International School,"The Shishukunj International School – North Campus CBSE Affiliation No. 1031254 Gram Badodia Ema, Behind Vishwanath Dham, 453111, Indore – Ujjain Road, Indore Phone NO: +91 6262628311, +91 6262628312 Landline NO: 0732 1299017",917024441314
82376,Kids Foundation,"70, Moon Palace Colony, Behind Annapurna Thana, Indore, India, 452009, Phone - 0731 498 3455",919303441711
82380,Sri Sathya Sai Vidya Vihar,"Scheme No. 54, A.B. Road Indore PIN-452010.",919425032677
82381,Vedaant Vidhyakulum,"Vedaant Vidhyakulum, Kanadia Road, Village Barodiya Kera,Indore, Kara, Village Barodia, Kanadia Main Rd, Indore, Madhya Pradesh 452016 MP, 82259 55500",917974592006
82383,Prarambh School,"212/4, AB Rd, opp. Panchvati Colony, Talawali Chanda, Indore, Madhya Pradesh 453771, Phone - 09993870864",919993870864
82389,St. Mary Champion H S School,"St.Mary Champion School, Navdapanth , Dhar Road, Indore, Phone - 9981995901, 6264901856, PIN-452009",918770184523
82390,Shree Sanskar academy,Academy Road Agar Disst. Agar Malwa (M.P.)465441,919407428444
82393,Indore Institute of Pharmacy,"Pithampur Road, Indore - 453331, Madhya Pradesh, India Contact Number: 18001033069",919630656912
82394,Patidar International SchoolNilima Vakil,"Patidar International School Umia Hills, Maxi Rd, Tajpur, Madhya Pradesh 456010, +91 7880008056, +91 7880008057",919893433139
82395,Divine kids school,"Khatipura, New Gouri Nagar, Sukhlia, Indore, Madhya Pradesh 452003, 9687040305",919687040305
82396,Gyan Sagar Girls International,"Sector B, Kalani Bagh, DEWAS, Madhya Pradesh, Phone - 455001 INDIA, Phone No.: +91 – 7272 – 250001, +91- 7272- 796206",917509078610
82398,Edify school,"Mandsaur Bypass, Near Guradiya Balaji Temple, Mandsaur, Madhya Pradesh-458001, Phone - 08370006805",919522222296
82399,Oscar Daycare and Preschool,"D-13,H.I.G,RSS Shukla nagar behind shopping complex, A.B Road,, HIG Main Road, Indore, Madhya Pradesh - 452011, : 9755657777",917987371095
82400,SANDIPANI ACADEMY Mandleshwar,"Sandipani Academy Maheshwar Road, Mandleshwar, Pin-451221 Dist- Khargone(MP) India +91 7610489296 +91 7610489297",919926102214
82402,Ideal International School,"Govind Colony Main Road, Infront of Sch. No.51 Near Kamla Nehru Colony, West Indore Madhya Pradesh - 452015, Whatsapp - 9644200400, Phone - +91 9644200900, Landline - 0731 - 2617600, 0731 - 2617700",919340128577
82403,Columbia Convent school,"Manavta Nagar, Kanadia Road, Indore (M.P.) INDIA – 452016, Phone No +91 731 -2845444, 2845249, Mobile No +91-98267-37370",919926031149
82404,Kanwartara Public H.s School,"Shrinagar Colony Extn., Barwaha Road, Mandleshwar (451221), Madhya Pradesh",919926064231
82406,Daly College,"1, Residency Area, Indore, Madhya Pradesh 452001",919179497678
82409,Ladybird school,"159KA, Ilyas Colony Rd, Shalimar Colony, Khajrana, Indore, Madhya Pradesh 452016, Phone: 090095 46186",919099546186
82410,Renaissance University,"Campus Gram Revti, Behind Aurobindo Hospital Sanwer-Ujjain Road, Indore (M.P.) - 452015. Office 201-202, HeadQuarter Building, IDA Plot no. 54, Satya Sai Square, Indore (M.P.) - 452010",919893820888
82412,Royal Raman Academy,"M 176 BHAWANI NAGAR ,Ward No.7, Indore Urban Indore, Madhya Pradesh PIN Code: 452001 (INDIA) (website)",918959058615
82414,Choithram school,"Choithram School, 5 Manik Bagh Road, Indore, Madhya Pradesh 452014 (M.P.), 0731-2475252-53-54",919826255541
82418,Castlewood Pre School,"Castlewood International Pre School, 6 Ext Rajmahal Colony, Manik Bagh Road, Near 6 Bunglows, Indore, Indore, India, 452001, Phone - 088199 77111",919893373321
82419,Ideal Academy,"Avantika, Scheme No. 51, Near Marimata Square, West Indore, Madhya Pradesh 452006, Phone - 0731-2617400, 0731-2617500, WhatsApp - 94250 82107, 94250 55794",919425068458
82420,Anshuman HS School,"The Daly College, 1, Residency Area, Indore, Madhya Pradesh 452001, 91 (0731) 2719000, 2719001, 2719023",919981111180
82423,Delhi Public School,"Delhi Public School, Pipliakumar – Nipania Road, Village – Nipania, Indore 452010 (M.P), Phone - 0731-2444401 / 9109384463",919826451661
82424,Banyan Tree school,"Bisankhedi, Bhadbhada-Suraj Nagar Road, Ahead of Sports Authority of India, Bhopal, Madhya Pradesh 462044, Phone: +918989120736, +917746034885",919830818311
82425,MIT World Peace School,"Gat No. 296/297, Gandhi Nagar, Opp to HP Petrol Pump, Indore 453112 (MP)",919229349203
82427,Asmakam Life University,"Asmakam Life University, 22 Sunshine Farms, A.B. Road, Indore 452012 (M.P.), +91-7723837600",919009042684
82428,Dfly International,"Indore 402,Diamond Trade Center, Janjeerwala Square, New Palasia, Indore 452001,",919425312830
82429,Birla Open Minds International School,"Address 1 : Jhalaria Road, Off Bypass Road,Near County Walk Township,Indore, Madhya Pradesh - 452016. Address 2 : MR-10 Toll Plaza Bridge, Next to Nirvana Resort, Kumedi - Indore, Madhya Pradesh - 453555, Phone : +91 9109444977 , +91 9522272090.",919630091365
82430,Prestige Group,"Prestige Vihar’, Sch. No. 74-C, Sector D Vijay Nagar,Indore – 10 , M.P. (India) Phone +91-731- 4016666, 4016602, 4016625 Fax +91-731- 4016633,PIN-452010",919827037474
82431,Sanmati School,"Doordarshan Kendra, Residency, White Church Colony, Residency Area, Indore, Madhya Pradesh 452001 (Sanmati Higher Secondary School)",919131422584
82438,Agraval public school,"Agraval public school, Bicholi Mardana Road Indore 452016 (M.P.) Email: info@apsindore.com Phone: 0731-4212666",918109940005
82440,Knowledge Buddy Learning Academy,"346-A Second Floor, Mahalaxmi Nagar ,Indore, 452001 saurabhkhadiwal@gmail.com Mob: 7247511399",917247511399
82441,Nahar Global school,"Sagod Rd, opposite Jayant Sen Dham, Ratlam, Madhya Pradesh 457001 contact number - 09479792429",919516558975
82442,Al-Hira Public School,"58-59 J, Aamwala Road, Dhar Road, Indore - 452002 (Chandan Nagar)",919826094360
82444,KRISHNA ACADEMY,"KRISHANA ACADEMY DHARGAON TEH.MAHESHWAR DISTT.KHARGONE(M.P.) 451221, 8120709899,8717877855",918224808050
82445,Nirmal international school,"NIRMAL INTERNATIONAL SCHOOL, NAJARPUR - TARANA, ROAD, Bichrod, Madhya Pradesh 456665, 8989838778",918989838778
82446,Springfield World School,"Springfield World School Opposite ITC Choupal, Lashkarpur Road, Vidisha 464001 (M.P.) India T: +91-7592 297 070 / M: +91-9179001197",917879629757
82447,Jyoti Senior secondary school Rewa,"NH - 7, Allahabad Rewa Road, Rewa, Madhya Pradesh - 486001",919752962019
82448,Excellent academy,"107, Gulab Bagh, Dewas Naka, Lasudia Mori, Indore, Madhya Pradesh 452010, Phone - 0731 405 5154",919329570340
82449,Gyan carnival school,"13, Main Road, Clerk Colony, Indore, Madhya Pradesh 452011",919926043336
82450,Dastak public school,"82, Sector H, Green Park Colony, Indore, Madhya Pradesh 452006",919827729437
82451,Little Champs school,"62, Aerodrum Rd, Ambikapuri Main, Indore, Madhya Pradesh 452006",919827526115
82452,San Thome Academy,"San Thome Academy, Bhopal Road, Dewas, Madhya Pradesh - 455001",919407470242
82453,Medi-Caps University,"Medi-Caps University A.B. Road, Pigdamber, Rau Indore - 453331 07313111500 , 07313111501",919669663339
82455,Bhaskar Academy,"Bhaskar Academy,Ringnodiya Square, Sanwer Road, Ujjain – Indore Rd, at, Indore, Madhya Pradesh 453551, 9258133119 & 9644282009",919425314932
82457,Progressive Heights,"Progressive Kidz Sudama Nagar, Biaora District Rajgarh 465674 (M.P) +91 9425422448",919425422448
82461,Mar Thoma Higher Secondary School,"Sector C, Sukhliya, Nayay Nagar, Main Road, Indore (M.P.)-452010",918462817793
82462,"Shri Jaigovind Gopinath H. S School, Mho","49, PEET ROAD NEAR RAILWAY STATION, MHOW, 07324-299323, PIN-453441",919826755161
82463,Sri Sri Ravishankar Vidya Mandir Indore,"Sri Sri Ravishankar Vidya Mandir Village Sanawadia, Behind Devguradiya Temple, Nemawar Road, Indore-452016, Madhya Pradesh, India, 8889010888, 07312863100, 07312863300",919893378881
82464,Eva World School,"Mayakhedi, Opp. Omaxe City-1, Bypass Road, Near Vistara Township, Indore MP 452010, Phone - +91 9111040700, 9111040800",919826297927
82466,Angels Planet,"Angels Planet, Rameshwar Nagar, Khandwa, Madhya Pradesh 450001, Phone - 9827211335",919827211335
82467,St. Jones,"Maharana Pratap Teraha, Jabalpur Naka, Shrivastav Colony, Vaishali Nagar, Damoh, Madhya Pradesh 470661, 07812-221658 +91 8109724606",919009864003
82469,Sausar public school,"Ward no. 08 Anjakar Colony, Sausar, Dist. Chhindwara (M.P.) 480106 India, Phone - 09752607977 / 08251868259",919300642454
82470,Satya sai english school,"24A, AB Rd, Vasant Vihar Colony, Vijay Nagar, Indore, Madhya Pradesh 452010, India, Phone - 0731-2553023",917974466911
82472,Parakh Public H. S. School,"Sanwer, India, 453551, Phone - 098260 66807",919826066807
82473,Yatharth international school,"136-B, Nagin Nagar Rd, Nagin Nagar near Kalani Nagar, Indore, Madhya Pradesh 452006, Phone: 089822 89888",919754641888
82474,Azad convent high school,"B-48, Tenant Nagar, Ratlam, Madhya Pradesh 457001, India, Phone - 09893520944",919893520944
82475,New Advance public high school,"G172, Sh 27, Pologround Industrial Estate, Nanda Nagar, Malti Vanaspati, Indore, Madhya Pradesh 452015",917611116600
82476,Saint national public school,"433, Chandan Nagar, Indore, Madhya Pradesh 452002",917722993737
82478,RAJORIA INTERNATIONAL,"100, Veena Nagar Main Rd, Khati Pura Rd, DDU Nagar, Sukhlia, Indore, Madhya Pradesh 452003",917489276224
82480,The Learning villa school,"HO -23-C Sangam Nagar, Near Ram Mandir Indore 452006, Phone - 9826532550 7697436916",919826424001
82483,Shree Academy,"Kodariya, Madhya Pradesh, India, Pin Code - 453441, Phone - 09826714193",919826714193
82487,New Valley Academy,"Mhow, Madhya Pradesh, India, 453441 - 09977784628",919977784628
82488,Shri ramashraya public h s school,"JRRH+HG9, Saptashrungi Nagar, Indore, Madhya Pradesh 452012",919893078305
82489,Gurukul Vidhyadham,"102 Ambikapuri Extension, Behind Aerodrum Police Station Indore ( M.P .), Indore Gpo, Indore - 452001 (Behind Aerodrum Police Station)",919329696804
82491,"Mount Litera Zee School,Mhow","361/7,Beircha Road, Mhow Madhya Pradesh, PIN-453441, 6262607501,02,03,04",919644463405
82492,Lioness vidhya mandir school,"Dev Guradia Rd, Near Tejaji Chowk, Near Ponpad Panchayat, Dinesh Nagar, Palda, Indore, Madhya Pradesh 452001",919617392501
82493,Shree Shanti Vidya Niketan,"355, Dwarkapuri, Indore, Madhya Pradesh 452009",919424889949
82495,St Mary senior secondary school,"St.Mary Champion School Navdapanth , Dhar Road, Indore 452013,",918210078460
82498,Prestige Public School Indore,"Prestige Vihar’, Sch. No. 74-C, Sector D Vijay Nagar,Indore – 10 , M.P. (India) Phone +91-731- 4016666, 4016602, 4016625,PIN-452010",919584966693
82499,Eurasia International school,"Eurasia International school 87,Anoop Nagar Opposite Mahavir garden Indore - Madhya Pradesh Pincode : 452001, Phone number: 9770044338 Landline: 0731-4020320",919826786770
82500,Kautilya Educational Academy Dewas,"Kautilya Education Academy,Shajapur A.B. Road(Barwal), SHAJAPUR Dist: SHAJAPUR MADHYA PRADESH - 465001 Phone - 9479766310, 9425123079",919993030308
82501,Shikshalay Day Scholar School,"19, Shri Krishna Enclave, Sanwer Road, Indore, India, 452001, Phone - 06232101322",916232101321
82505,Golden Future Higher Secondary School Sa,"Badodiya khan, Ujjain Rd, Sanwer, Madhya Pradesh 453551",919425032563
82507,Choithram International,"Choithram International Choithram Hospital Campus 5, Manik Bagh Road Indore MP 452014 +91 731 2360345 +91 731 2360346",919584450114
82510,Shivajirao Kadam Institute Of technology,"Shivajirao Kadam Group of Institutions, Off Indore Bypass Road, Near Ralamandal Sanctuary, Tillore Khurd, Indore-452020, Madhya Pradesh India, Phone - 9770907113, 9770907100",919893302711
82514,St. Augustin School,"Narmada Nagar Road, Punasa, Dist. Khandwa (MP) 450114, Phone - 9424803492",918889972168
82515,MAA JINWANI PUBLIC SCHOOL,pushpgiri teerth sonkatch dewas MP 455118,91982699841
82516,Brilliant Higher Secondary School,"578, Khatiwala Tank, Indore, Madhya Pradesh 452014 Phone: 0731 409 2864",919584265151
82517,Unnati Academy,"Address -Unnati Academy, Anu Nagar, Badnawar, Dist. Dhar- 454660 (M.P.), Phone: 8982892018, 9981626161",919685143339
82518,Shiksha Shikhar,"Bhumi Survey no.44, Gram Ashapura, Mhow-Mandleshwar Road, Tehsil: Dr Ambedkar nagar (Mhow), District: Indore (M.P.) Pincode - 453441, Mobile: 7471119295",919836189589
82519,Chaitanya international,"Chaitanya International School, Aastha Palace, behind Gondvale Dham, Dwarkapuri, Indore, Madhya Pradesh 452013",919098088177
82520,"School of Yoga, DAVV University, Indore","Devi Ahilya Vishwavidyalaya, Nalanda Campus, R. N. T. Marg, Indore (M.P.),India Pin- 452 001 Phone:+91-731-2527532",919343244705
82521,Shree Balaji Academy,"Satwas Rd, Kannod, Dewas, Madhya Pradesh 455332, Phone - 08435155455",91982687779
82523,Canyon school Beenapur,"Canyon School Beenapur Bhopal [M.P] Pin-code 462030 , +91-755 - 4077726, 4077531",919977016855
82524,RPL Maheshwari College,"RPL Maheshwari College, 51 Chattribag, Indore, Madhya Pradesh 452002, 9039094111",918319936526
82525,Shree Ganesh Convent school,"49 Arvind Nagar Infront Of Shiv Nagar, Musakhedi Indore, Indore Gpo, Indore - 452001,",919827553244
82526,Sherringwood World School,"4, Gyans Park,Telephone Nagar, Indore-452018, T: +91-7898921212 M: +91 7898900111",919179110072
82527,Imperail academy school,"School No 8 Khandwa Naka, Khandwa Road, Indore - 452020",919826700687
82528,Little harvard international school,"Hi link city extension,chota bangarda road Indore, Madhya Pradesh, India 452005 (098267 86797)",919340603033
82529,Jubilant group of education,"Ayesha Masjid, 72-73 Geeta Nagar Bhind, Indore, Madhya Pradesh 452006",918718934099
82531,Shrikanwartara Pub Hr Sec School Mandles,"Shrinagar Colony Extn., Barwaha Road, Mandleshwar (451221), Madhya Pradesh, 096696 97027",919669696243
82534,"Brilliant Brains, The Foundation School","G 237, G Sector, Silicon City, indore, Indore, India, 452012, Phone - 096854 91919",919977502747
82536,Elite Public School,"Elite Public school, Indore, India, 452005, Phone - 0731 355 5152",919425479184
82537,Angel Hearts Academy,"Address - Nidhivan Colony near Nand Gaun Multi, Indore, Madhya Pradesh 452018, +91 98272 13134 , 0731-2498857,",919981823253
82538,Sanjivani Global Academy,Indore Bhopal Highway Bhourasa Sonkatch Dewas 455115,919981104970
82539,New World Public school,"348, Dhar Rd, Ammar Nagar, Indore, Madhya Pradesh 452001",917879859907
82540,Sarashwati Gyan Mandir,"262/3 Shital Nagar, Kushwaha Nagar, Main Road, Indore, Banganga, Indore - 452015 (Near Indore Convent School)",916261916868
82541,Ideal Public School,"Dwarkapuri Colony, Indore, India, 452009, Phone - 098260 45456",919827234650
82556,EDUVERTS COMMUNICATION PRIVATE LIMITED,"Eduvest Connect Pvt Ltd, 3rd Floor, B-1, HIG Main Rd, Nanda Nagar, Indore, Madhya Pradesh 452001",919301551532
82578,"Maharshi Vishwamitra Higher Secondary School, Roopakhedi","Maharshi Vishamitra Hss Rupakhedi
Rupa Khedi 
Tarana, Ujjain (pincode: 456668)
Madhya Pradesh. Contact - 82249 44566",
82582,S. D. CENTRAL ACADEMY,"Hata - Deoria Rd, Rampur Buzurg, Uttar Pradesh 274203 Contact number - 9140862702",
82588,Egra Public School,"P.O. Barida, P.S. Egra, Dist.Purba Medinapur, Egra, West Bengal 721429 Contact - 80161 39786",
82592,BLISS BRITE International School,"In Front Of Water Tank, Jagriti Nagar, Amkhera Road, Adhartal, Jabalpur - 482004, Contact - 70008 00239",
82593,GPS World School,"117 No. Railway Crossing, Indira Nagar, Station Road, Bhatni Deoria 274701 UP, Contact- 8009634407",
82599,J K Memorial Sen. Sec. School,"Jai Singh Nagar, Ludhiana, Meharban, Punjab 141007 Contact - 8077534854",
82600,Celestial International School,"Near: Air Port Chouraha, Balmiki Nagar, Bihar 845107 Contact- 89078 56263",
